<?xml version="1.0" encoding="UTF-8"?>
<!DOCTYPE hibernate-mapping PUBLIC "-//Hibernate/Hibernate Mapping DTD 3.0//EN"
"http://hibernate.sourceforge.net/hibernate-mapping-3.0.dtd">

<hibernate-mapping>
	<class name="demo_hibernate.AddressBook" table="address_book" >
		<id name="id" type="int">
			<column name="id" />
			<generator class="increment" />
		</id>
		<property name="name" type="string">
			<column name="name" length="255" not-null="true" />
		</property>
		<property name="address" type="string">
			<column name="address" length="255" not-null="true" />
		</property>
	</class>
</hibernate-mapping>