<?xml version="1.0" encoding="UTF-8"?>
<!DOCTYPE hibernate-configuration PUBLIC
	"-//Hibernate/Hibernate Configuration DTD 3.0//EN"
	"http://hibernate.sourceforge.net/hibernate-configuration-3.0.dtd">
<hibernate-configuration>
	<session-factory>
		<property name="connection.url">jdbc:mysql://localhost:3306/db_hibernate?allowPublicKeyRetrieval=true&amp;useSSL=false&amp;useUnicode=true&amp;useJDBCCompliantTimezoneShift=true&amp;useLegacyDatetimeCode=false&amp;serverTimezone=UTC</property>
		<property name="connection.username">root</property>
		<property name="connection.password">root</property>
		<property name="connection.driver_class">com.mysql.jdbc.Driver</property>
		<property name="dialect">org.hibernate.dialect.MySQLDialect</property>
		<property name="show_sql">true</property>
		<property name="format_sql">true</property>
		<property name="hbm2ddl.auto">create</property>
		<property name="connection.pool_size">1</property>
		<property name="current_session_context_class">thread</property>
		<mapping resource="demo_hibernate/AddressBook.hbm.xml"></mapping>
	</session-factory>
</hibernate-configuration>